{"0": 1.6573973019009085, "1": 1.8126656189446677, "2": 2.4005323903778146, "3": 1.8023825180115187, "4": 3.661286011639236, "5": 2.104072790836119, "6": 4.163097952834723, "7": 1.2713477068372434}